lat,lon,focos
27.882,-15.414,1
28.044,-16.652,1
28.044,-16.648,1
28.046,-16.63,1
28.39,-16.548,1
28.614,-17.87,1
28.614,-17.868,2
28.614,-17.866,1
28.616,-17.872,2
28.616,-17.87,18
28.616,-17.868,3
28.618,-17.872,7
28.618,-17.87,9
28.618,-17.868,3
28.62,-17.892,3
28.62,-17.872,1
28.622,-17.892,1
28.978,-13.55,1
28.978,-13.54,1
36.17,-5.348,1
36.176,-5.426,1
36.178,-5.428,5
36.178,-5.426,14
36.18,-5.428,7
36.18,-5.426,12
36.18,-5.424,4
36.18,-5.36,1
36.182,-5.428,3
36.182,-5.426,3
36.184,-5.398,3
36.184,-5.396,1
36.186,-5.398,2
36.69,-6.152,1
36.718,-4.518,1
36.878,-2.404,1
36.956,-2.49,1
36.964,-1.908,3
36.964,-1.906,12
36.964,-1.904,8
36.966,-1.91,2
36.966,-1.908,74
36.966,-1.906,152
36.966,-1.904,77
36.968,-1.908,52
36.968,-1.906,165
36.968,-1.904,31
36.97,-1.91,1
36.97,-1.908,6
36.97,-1.906,19
37.176,-6.892,1
37.18,-6.892,1
37.182,-6.9,1
37.198,-3.644,1
37.212,-3.74,1
37.226,-3.638,1
37.268,-6.916,1
37.28,-5.994,1
37.28,-5.99,1
37.286,-5.994,1
37.3,-1.964,1
37.358,-6.676,6
37.358,-6.674,6
37.358,-5.98,1
37.358,-5.868,3
37.358,-5.866,25
37.358,-5.864,28
37.358,-5.862,2
37.36,-6.676,2
37.36,-6.674,4
37.36,-5.868,40
37.36,-5.866,109
37.36,-5.864,112
37.36,-5.862,20
37.362,-6.676,2
37.362,-6.674,1
37.362,-6.008,1
37.362,-5.868,16
37.362,-5.866,65
37.362,-5.864,40
37.362,-5.862,4
37.364,-5.866,1
37.364,-5.864,1
37.376,-5.926,1
37.376,-5.908,1
37.382,-5.948,1
37.396,-5.9,1
37.566,-0.92,11
37.566,-0.918,16
37.566,-0.916,5
37.566,-0.914,1
37.568,-0.92,22
37.568,-0.918,28
37.568,-0.916,31
37.568,-0.914,9
37.568,-0.912,2
37.57,-0.924,1
37.57,-0.922,2
37.57,-0.92,23
37.57,-0.918,24
37.57,-0.916,29
37.57,-0.914,17
37.57,-0.912,4
37.572,-0.922,3
37.572,-0.92,2
37.572,-0.918,10
37.572,-0.916,11
37.572,-0.914,8
37.572,-0.912,4
37.574,-0.922,1
37.574,-0.92,3
37.574,-0.918,2
37.616,-1.752,1
37.71,-6.578,1
37.898,-4.772,1
37.898,-4.724,1
37.902,-4.718,1
37.998,-1.096,1
38.0,-1.108,1
38.01,-1.134,1
38.012,-1.122,1
38.026,-1.166,1
38.028,-1.178,1
38.088,-0.928,1
38.32,-6.722,1
38.32,-6.718,1
38.32,-6.716,1
38.322,-6.72,2
38.322,-6.718,3
38.374,-0.548,1
38.374,-0.546,8
38.374,-0.544,24
38.374,-0.542,4
38.376,-0.548,14
38.376,-0.546,124
38.376,-0.544,125
38.376,-0.542,44
38.376,-0.54,1
38.378,-6.486,4
38.378,-6.484,18
38.378,-6.482,7
38.378,-6.48,1
38.378,-0.548,10
38.378,-0.546,90
38.378,-0.544,109
38.378,-0.542,39
38.378,-0.54,1
38.38,-6.486,3
38.38,-6.484,16
38.38,-6.482,10
38.38,-0.546,9
38.38,-0.544,4
38.38,-0.542,7
38.38,-0.54,2
38.456,-0.776,1
38.662,-4.05,1
38.662,-4.048,2
38.664,-4.058,1
38.664,-4.054,6
38.664,-4.052,10
38.664,-4.05,22
38.664,-4.048,17
38.664,-4.046,7
38.664,-4.044,1
38.666,-4.058,1
38.666,-4.056,3
38.666,-4.054,18
38.666,-4.052,34
38.666,-4.05,50
38.666,-4.048,36
38.666,-4.046,7
38.666,-4.044,4
38.668,-4.058,1
38.668,-4.056,4
38.668,-4.054,13
38.668,-4.052,36
38.668,-4.05,34
38.668,-4.048,21
38.668,-4.046,2
38.668,-4.044,5
38.668,-4.042,2
38.67,-4.058,1
38.67,-4.056,3
38.67,-4.052,4
38.67,-4.05,5
38.67,-4.048,2
38.672,-4.052,2
38.672,-4.05,2
38.672,-4.048,6
38.672,-4.046,1
38.674,-4.052,2
38.674,-4.05,5
38.674,-4.046,1
38.676,-4.05,1
38.676,-4.048,2
38.676,-4.046,1
38.686,-4.092,1
38.7,-4.112,1
38.806,-0.614,1
38.892,-6.992,1
38.976,-0.172,1
38.99,-0.17,1
38.992,-0.174,1
39.008,-3.366,1
39.01,-3.364,1
39.012,-1.882,1
39.188,-0.29,1
39.364,-0.42,1
39.41,-0.364,1
39.42,-0.452,1
39.47,-0.462,1
39.472,-0.45,1
39.478,-0.578,1
39.478,-0.568,1
39.512,-0.348,1
39.516,-0.458,1
39.518,-0.356,1
39.604,2.67,1
39.618,-3.342,1
39.662,-0.25,1
39.662,-0.248,1
39.662,-0.246,2
39.664,-0.25,9
39.664,-0.248,20
39.664,-0.246,14
39.666,-0.25,3
39.666,-0.248,5
39.666,-0.246,3
39.668,-0.248,1
39.826,-0.166,1
39.826,-0.162,1
39.918,-0.106,1
39.928,-0.102,1
39.934,-3.748,1
39.934,-3.746,4
39.934,-3.744,18
39.934,-3.742,3
39.936,-3.748,29
39.936,-3.746,83
39.936,-3.744,110
39.936,-3.742,25
39.938,-3.748,16
39.938,-3.746,68
39.938,-3.744,76
39.938,-3.742,21
39.94,-3.748,3
39.94,-3.746,6
39.94,-3.744,2
39.94,-3.742,1
39.948,-0.068,1
39.95,-0.08,1
39.95,-0.006,8
39.95,-0.004,12
39.95,-0.002,2
39.952,-0.006,25
39.952,-0.004,65
39.952,-0.002,13
39.952,0.0,1
39.954,-0.008,2
39.954,-0.006,1
39.954,-0.004,4
39.954,-0.002,1
39.956,-0.22,1
39.956,-0.218,1
39.956,-0.212,1
39.956,-0.21,1
39.958,-0.216,1
39.958,-0.212,1
39.96,-0.222,1
39.96,-0.218,1
39.96,-0.214,1
39.96,-0.21,1
39.962,-0.22,1
39.962,-0.07,1
39.966,-0.248,1
39.966,-0.212,1
39.968,-0.25,1
39.968,-0.226,1
39.968,-0.1,1
40.006,-0.1,1
40.008,-3.902,5
40.008,-3.9,2
40.01,-3.902,13
40.01,-3.9,7
40.01,-3.898,1
40.012,-3.902,1
40.012,-3.9,1
40.048,-0.17,1
40.05,-0.172,1
40.206,-3.678,1
40.208,-3.68,1
40.228,-3.636,1
40.242,-3.48,3
40.242,-3.478,12
40.242,-3.476,29
40.242,-3.474,50
40.242,-3.472,39
40.242,-3.47,5
40.244,-3.482,3
40.244,-3.48,14
40.244,-3.478,77
40.244,-3.476,169
40.244,-3.474,184
40.244,-3.472,132
40.244,-3.47,8
40.244,-3.468,1
40.246,-3.716,1
40.246,-3.704,1
40.246,-3.482,3
40.246,-3.48,14
40.246,-3.478,72
40.246,-3.476,158
40.246,-3.474,207
40.246,-3.472,141
40.246,-3.47,3
40.246,-3.468,1
40.248,-3.482,3
40.248,-3.48,6
40.248,-3.478,33
40.248,-3.476,46
40.248,-3.474,43
40.248,-3.472,15
40.248,-3.47,1
40.25,-3.706,1
40.25,-3.482,1
40.25,-3.48,2
40.25,-3.478,1
40.25,-3.476,3
40.25,-3.474,1
40.25,-3.472,1
40.262,-3.75,1
40.264,-3.756,1
40.264,-3.752,1
40.266,-3.752,1
40.266,-3.688,1
40.27,-3.82,1
40.274,-3.822,1
40.288,-3.83,1
40.302,-3.452,1
40.304,-3.456,1
40.306,-3.464,1
40.36,-3.708,1
40.36,-3.706,1
40.366,-3.684,1
40.37,-3.41,1
40.376,-3.416,1
40.38,-3.766,1
40.412,-3.604,1
40.42,-3.606,1
40.444,-3.598,1
40.446,-3.61,1
40.45,-3.494,1
40.452,-3.49,1
40.466,-3.62,1
40.466,-3.616,2
40.466,-3.614,1
40.468,-3.62,1
40.468,-3.614,1
40.47,-3.616,2
40.574,0.54,3
40.574,0.542,5
40.574,0.544,1
40.576,0.538,9
40.576,0.54,44
40.576,0.542,62
40.576,0.544,18
40.576,0.546,2
40.578,0.536,1
40.578,0.538,8
40.578,0.54,46
40.578,0.542,50
40.578,0.544,14
40.578,0.546,2
40.58,0.54,2
40.58,0.542,1
40.628,-4.018,1
40.664,-4.682,1
40.908,-4.102,1
41.128,1.23,1
41.148,0.998,1
41.15,1.01,1
41.152,0.998,1
41.156,0.998,1
41.158,1.008,1
41.16,1.03,1
41.162,1.178,1
41.176,1.228,1
41.178,1.228,1
41.178,1.23,3
41.18,1.228,2
41.18,1.23,1
41.18,1.232,4
41.182,1.226,1
41.182,1.228,2
41.182,1.23,4
41.182,1.232,4
41.182,1.234,1
41.184,1.228,2
41.186,1.22,1
41.188,1.24,1
41.31,1.658,3
41.31,1.66,18
41.31,1.662,31
41.31,1.664,27
41.31,1.666,1
41.312,1.656,3
41.312,1.658,20
41.312,1.66,159
41.312,1.662,161
41.312,1.664,127
41.312,1.666,8
41.314,1.656,1
41.314,1.658,17
41.314,1.66,127
41.314,1.662,128
41.314,1.664,102
41.314,1.666,9
41.316,1.658,1
41.316,1.66,17
41.316,1.662,27
41.316,1.664,11
41.326,2.112,1
41.33,1.658,1
41.344,2.08,1
41.35,2.088,1
41.404,1.994,1
41.404,1.996,8
41.404,1.998,13
41.404,2.0,15
41.406,1.994,2
41.406,1.996,62
41.406,1.998,90
41.406,2.0,62
41.406,2.002,7
41.408,1.994,3
41.408,1.996,37
41.408,1.998,82
41.408,2.0,73
41.408,2.002,7
41.41,1.996,3
41.41,1.998,4
41.41,2.0,6
41.41,2.002,1
41.452,1.978,3
41.452,1.98,8
41.452,1.982,2
41.454,1.976,12
41.454,1.978,54
41.454,1.98,94
41.454,1.982,20
41.456,1.976,6
41.456,1.978,69
41.456,1.98,62
41.456,1.982,31
41.458,1.978,3
41.458,1.98,2
41.464,1.956,1
41.472,-1.488,2
41.474,-1.492,1
41.474,-1.49,31
41.474,-1.488,49
41.474,-1.486,60
41.474,-1.484,3
41.476,-1.49,54
41.476,-1.488,98
41.476,-1.486,67
41.476,-1.484,6
41.478,-1.49,11
41.478,-1.488,23
41.478,-1.486,4
41.478,-1.484,1
41.48,1.92,1
41.48,1.932,1
41.494,1.904,1
41.494,2.2,1
41.496,1.902,1
41.498,1.902,1
41.502,1.902,1
41.502,1.906,2
41.502,1.914,1
41.526,1.804,1
41.526,1.806,2
41.526,1.808,2
41.528,1.804,14
41.528,1.806,17
41.528,1.808,13
41.528,1.81,1
41.53,1.806,6
41.53,1.808,4
41.53,1.81,2
41.556,0.51,1
41.568,1.668,1
41.598,-4.716,1
41.598,-4.714,1
41.6,-4.716,1
41.632,0.616,1
41.64,2.284,1
41.646,-0.98,1
41.668,-3.72,1
41.694,-0.982,1
41.824,2.902,1
41.922,0.174,2
41.922,0.178,10
41.922,0.18,21
41.922,0.182,6
41.924,0.176,2
41.924,0.178,36
41.924,0.18,40
41.924,0.182,23
41.924,0.184,1
41.926,0.176,6
41.926,0.178,13
41.926,0.18,22
41.926,0.182,7
41.926,0.184,1
41.928,0.178,2
41.928,0.18,2
41.928,0.182,1
41.96,-4.498,1
41.96,-4.494,1
41.96,-4.488,1
41.962,-4.496,1
41.962,-4.49,1
42.0,-4.51,1
42.002,-4.516,1
42.016,-4.548,1
42.066,-1.638,1
42.108,-8.614,1
42.11,-8.616,2
42.112,-8.62,1
42.112,-8.616,1
42.128,-8.622,1
42.204,-8.744,1
42.282,-7.824,1
42.282,-7.82,1
42.284,-7.816,1
42.284,-7.814,1
42.284,-7.81,1
42.286,-7.818,1
42.286,-7.816,1
42.288,-7.812,2
42.288,-7.81,1
42.288,-7.808,1
42.288,-7.804,1
42.29,-7.808,1
42.29,-7.806,1
42.34,-3.698,1
42.348,-3.654,2
42.348,-3.65,1
42.348,-3.642,1
42.35,-3.652,1
42.35,-3.648,1
42.35,-3.64,1
42.352,-3.652,2
42.352,-3.646,2
42.352,-3.64,1
42.352,-3.638,1
42.354,-3.658,1
42.354,-3.654,1
42.354,-3.652,1
42.356,-3.65,1
42.358,1.464,1
42.36,-3.652,1
42.362,-3.754,1
42.364,-3.75,1
42.366,-3.73,1
42.368,-3.738,1
42.368,-3.732,1
42.37,-3.736,1
42.37,-3.734,1
42.37,-3.73,1
42.37,-3.724,1
42.514,-0.36,1
42.518,-0.354,1
42.542,-5.574,1
42.542,-5.572,1
42.55,-6.774,1
42.55,-6.77,3
42.55,-6.768,6
42.55,-6.766,1
42.552,-6.772,4
42.552,-6.77,35
42.552,-6.768,32
42.552,-6.766,9
42.554,-6.772,2
42.554,-6.77,13
42.554,-6.768,27
42.554,-6.766,4
42.556,-6.768,2
42.556,-6.766,1
42.808,-1.706,1
42.81,-1.7,1
42.812,-1.744,2
42.812,-1.742,6
42.812,-1.74,8
42.814,-1.746,2
42.814,-1.744,21
42.814,-1.742,29
42.814,-1.74,13
42.814,-1.738,1
42.816,-1.744,8
42.816,-1.742,7
42.816,-1.74,2
42.834,-2.734,1
42.834,-1.598,1
42.836,-2.742,2
42.836,-2.734,1
42.838,-2.736,1
42.84,-2.736,2
42.864,-2.682,1
42.864,-2.67,1
42.866,-2.674,1
42.866,-2.666,1
42.868,-2.674,1
42.868,-2.672,1
42.868,-2.668,1
42.906,-8.506,1
42.908,-8.52,1
42.91,-8.522,1
42.912,-8.522,1
43.032,-2.222,2
43.032,-2.218,3
43.034,-2.222,20
43.034,-2.22,34
43.034,-2.218,28
43.034,-2.216,2
43.036,-2.224,1
43.036,-2.222,25
43.036,-2.22,39
43.036,-2.218,47
43.036,-2.216,5
43.038,-2.222,5
43.038,-2.22,16
43.038,-2.218,14
43.04,-2.222,11
43.04,-2.22,19
43.04,-2.218,16
43.04,-2.216,2
43.042,-7.556,1
43.042,-2.222,5
43.042,-2.22,16
43.042,-2.218,10
43.042,-2.216,1
43.044,-7.57,1
43.044,-7.554,1
43.044,-2.22,1
43.144,-2.956,1
43.222,-2.88,2
43.222,-2.878,1
43.224,-2.884,5
43.224,-2.882,10
43.224,-2.88,32
43.224,-2.878,41
43.224,-2.876,9
43.226,-2.884,9
43.226,-2.882,11
43.226,-2.88,27
43.226,-2.878,26
43.226,-2.876,11
43.226,-2.874,1
43.228,-2.884,2
43.228,-2.882,2
43.228,-2.88,6
43.23,-2.878,1
43.264,-2.028,1
43.27,-2.032,1
43.27,-2.026,1
43.272,-2.018,1
43.274,-2.014,1
43.298,-3.012,1
43.306,-3.028,2
43.306,-3.026,4
43.306,-3.024,5
43.308,-3.028,3
43.308,-3.026,8
43.308,-3.024,13
43.308,-3.022,1
43.31,-3.026,5
43.31,-3.024,4
43.31,-3.022,1
43.312,-3.026,2
43.328,-5.776,2
43.328,-5.774,7
43.328,-5.772,4
43.33,-5.776,18
43.33,-5.774,35
43.33,-5.772,5
43.332,-5.776,15
43.332,-5.774,8
43.344,-8.438,6
43.344,-8.436,14
43.344,-8.434,4
43.346,-8.44,1
43.346,-8.438,41
43.346,-8.436,64
43.346,-8.434,25
43.348,-8.438,22
43.348,-8.436,36
43.348,-8.434,17
43.376,-4.042,1
43.404,-3.844,1
43.412,-3.842,1
43.44,-3.846,2
43.44,-3.844,6
43.44,-3.842,2
43.442,-7.924,1
43.442,-3.846,12
43.442,-3.844,19
43.442,-3.842,19
43.444,-3.848,1
43.444,-3.846,11
43.444,-3.844,22
43.444,-3.842,4
43.446,-3.848,1
43.446,-3.846,1
43.446,-3.844,1
43.516,-5.738,1
43.516,-5.734,2
43.518,-5.74,1
43.518,-5.738,1
43.518,-5.736,4
43.518,-5.734,4
43.518,-5.732,1
43.52,-5.744,1
43.52,-5.742,2
43.52,-5.74,4
43.52,-5.738,4
43.52,-5.736,20
43.52,-5.734,17
43.52,-5.732,10
43.52,-5.73,3
43.52,-5.728,3
43.52,-5.724,2
43.522,-5.746,1
43.522,-5.744,1
43.522,-5.742,2
43.522,-5.74,4
43.522,-5.738,7
43.522,-5.736,37
43.522,-5.734,56
43.522,-5.732,50
43.522,-5.73,37
43.522,-5.728,30
43.522,-5.726,12
43.522,-5.724,4
43.524,-5.742,3
43.524,-5.74,7
43.524,-5.738,39
43.524,-5.736,75
43.524,-5.734,132
43.524,-5.732,136
43.524,-5.73,109
43.524,-5.728,72
43.524,-5.726,41
43.524,-5.724,12
43.524,-5.722,3
43.524,-5.716,1
43.526,-5.742,1
43.526,-5.74,10
43.526,-5.738,25
43.526,-5.736,80
43.526,-5.734,140
43.526,-5.732,194
43.526,-5.73,164
43.526,-5.728,147
43.526,-5.726,68
43.526,-5.724,5
43.526,-5.718,2
43.528,-5.74,7
43.528,-5.738,10
43.528,-5.736,44
43.528,-5.734,92
43.528,-5.732,121
43.528,-5.73,139
43.528,-5.728,112
43.528,-5.726,29
43.528,-5.724,2
43.528,-5.722,1
43.53,-5.736,9
43.53,-5.734,28
43.53,-5.732,65
43.53,-5.73,95
43.53,-5.728,56
43.53,-5.726,33
43.53,-5.724,3
43.532,-8.198,2
43.532,-5.834,1
43.532,-5.832,1
43.532,-5.74,1
43.532,-5.734,3
43.532,-5.732,3
43.532,-5.73,7
43.532,-5.728,34
43.532,-5.726,23
43.532,-5.724,4
43.534,-5.83,1
43.534,-5.73,1
43.534,-5.716,1
43.536,-5.836,3
43.536,-5.834,6
43.536,-5.832,14
43.536,-5.83,8
43.536,-5.828,7
43.536,-5.826,2
43.538,-5.84,1
43.538,-5.838,5
43.538,-5.836,13
43.538,-5.834,72
43.538,-5.832,116
43.538,-5.83,102
43.538,-5.828,41
43.538,-5.826,6
43.538,-5.824,1
43.54,-5.84,4
43.54,-5.838,5
43.54,-5.836,29
43.54,-5.834,118
43.54,-5.832,163
43.54,-5.83,153
43.54,-5.828,65
43.54,-5.826,3
43.54,-5.824,3
43.542,-5.844,4
43.542,-5.842,1
43.542,-5.84,6
43.542,-5.838,16
43.542,-5.836,34
43.542,-5.834,92
43.542,-5.832,107
43.542,-5.83,65
43.542,-5.828,16
43.542,-5.824,1
43.542,-5.816,1
43.544,-5.848,2
43.544,-5.846,20
43.544,-5.844,8
43.544,-5.842,6
43.544,-5.84,3
43.544,-5.838,16
43.544,-5.836,11
43.544,-5.834,23
43.544,-5.832,17
43.544,-5.83,1
43.544,-5.826,1
43.544,-5.824,1
43.546,-5.848,4
43.546,-5.846,13
43.546,-5.844,17
43.546,-5.842,10
43.546,-5.838,2
43.546,-5.836,1
43.546,-5.834,1
43.548,-5.848,1
43.548,-5.846,3
43.55,-5.86,2
43.55,-5.858,1
43.552,-5.864,1
43.552,-5.862,14
43.552,-5.86,20
43.552,-5.858,15
43.552,-5.856,1
43.554,-5.864,2
43.554,-5.862,14
43.554,-5.86,27
43.554,-5.858,17
43.554,-5.856,4
43.556,-5.862,2
43.556,-5.86,6
43.556,-5.858,1
43.558,-5.862,1
43.558,-5.86,1
43.558,-5.726,3
43.56,-5.726,7
43.56,-5.724,13
43.562,-5.726,5
43.562,-5.724,4
