clave,t,lat,lon,sat,sensor,conf,frp,scan,track,dn,incendio
S-NPP|2026-09-29T01:13Z|43.30372|-3.01352,2026-09-29T01:13Z,43.30372,-3.01352,S-NPP,VIIRS,n,2.01,0.63,0.72,N,IN-20260929-005
NOAA-20|2026-09-29T01:34Z|41.87487|-4.37010,2026-09-29T01:34Z,41.87487,-4.3701,NOAA-20,VIIRS,n,3.58,0.34,0.56,N,IN-20260929-002
NOAA-20|2026-09-29T01:34Z|41.87511|-4.37418,2026-09-29T01:34Z,41.87511,-4.37418,NOAA-20,VIIRS,n,3.58,0.34,0.56,N,IN-20260929-002
NOAA-20|2026-09-29T01:34Z|43.04290|-4.24948,2026-09-29T01:34Z,43.0429,-4.24948,NOAA-20,VIIRS,n,1.52,0.34,0.56,N,IN-20260929-006
NOAA-20|2026-09-29T01:34Z|43.30441|-3.01190,2026-09-29T01:34Z,43.30441,-3.0119,NOAA-20,VIIRS,n,1.71,0.6,0.53,N,IN-20260929-005
NOAA-21|2026-09-29T02:17Z|43.20694|-2.77349,2026-09-29T02:17Z,43.20694,-2.77349,NOAA-21,VIIRS,n,0.54,0.41,0.37,N,IN-20260929-010
S-NPP|2026-09-29T02:56Z|41.87053|-4.37139,2026-09-29T02:56Z,41.87053,-4.37139,S-NPP,VIIRS,n,0.86,0.41,0.45,N,IN-20260929-002
S-NPP|2026-09-29T02:56Z|41.87456|-4.36995,2026-09-29T02:56Z,41.87456,-4.36995,S-NPP,VIIRS,n,2.11,0.41,0.45,N,IN-20260929-002
S-NPP|2026-09-29T02:56Z|43.04186|-4.24974,2026-09-29T02:56Z,43.04186,-4.24974,S-NPP,VIIRS,n,2.9,0.39,0.44,N,IN-20260929-006
S-NPP|2026-09-29T02:56Z|43.05433|-4.65620,2026-09-29T02:56Z,43.05433,-4.6562,S-NPP,VIIRS,n,0.98,0.56,0.43,N,IN-20260929-007
NOAA-20|2026-09-29T03:15Z|43.05557|-4.65495,2026-09-29T03:15Z,43.05557,-4.65495,NOAA-20,VIIRS,n,1.25,0.38,0.59,N,IN-20260929-007
Terra|2026-09-29T09:32Z|37.93957|-3.99975,2026-09-29T09:32Z,37.93957,-3.99975,Terra,MODIS,57,4.78,1.2,1.09,D,IN-20260929-011
NOAA-21|2026-09-29T12:02Z|39.27511|-0.33586,2026-09-29T12:02Z,39.27511,-0.33586,NOAA-21,VIIRS,n,10.6,0.49,0.65,D,IN-20260929-012
NOAA-21|2026-09-29T12:02Z|42.62523|-2.00185,2026-09-29T12:02Z,42.62523,-2.00185,NOAA-21,VIIRS,n,17.78,0.47,0.64,D,IN-20260929-004
NOAA-21|2026-09-29T12:02Z|42.62655|-1.99884,2026-09-29T12:02Z,42.62655,-1.99884,NOAA-21,VIIRS,h,26.95,0.47,0.64,D,IN-20260929-004
NOAA-21|2026-09-29T12:02Z|42.62667|-1.99696,2026-09-29T12:02Z,42.62667,-1.99696,NOAA-21,VIIRS,h,17.78,0.47,0.64,D,IN-20260929-004
S-NPP|2026-09-29T12:38Z|37.83550|-4.37466,2026-09-29T12:38Z,37.8355,-4.37466,S-NPP,VIIRS,n,2.1,0.41,0.6,D,IN-20260929-008
S-NPP|2026-09-29T12:38Z|39.21920|-0.26697,2026-09-29T12:38Z,39.2192,-0.26697,S-NPP,VIIRS,n,3.73,0.46,0.47,D,IN-20260929-013
NOAA-20|2026-09-29T12:55Z|37.18280|-5.06106,2026-09-29T12:55Z,37.1828,-5.06106,NOAA-20,VIIRS,n,3.29,0.42,0.45,D,IN-20260929-003
NOAA-20|2026-09-29T12:55Z|37.18280|-5.06106,2026-09-29T12:55Z,37.1828,-5.06106,NOAA-20,VIIRS,n,3.29,0.42,0.45,D,IN-20260929-003
NOAA-20|2026-09-29T12:55Z|37.18511|-5.05958,2026-09-29T12:55Z,37.18511,-5.05958,NOAA-20,VIIRS,n,3.76,0.42,0.45,D,IN-20260929-003
NOAA-20|2026-09-29T12:55Z|37.18511|-5.05958,2026-09-29T12:55Z,37.18511,-5.05958,NOAA-20,VIIRS,n,3.76,0.42,0.45,D,IN-20260929-003
NOAA-20|2026-09-29T12:55Z|37.73384|-4.70437,2026-09-29T12:55Z,37.73384,-4.70437,NOAA-20,VIIRS,n,1.83,0.39,0.44,D,IN-20260929-014
NOAA-20|2026-09-29T12:55Z|37.83306|-4.37255,2026-09-29T12:55Z,37.83306,-4.37255,NOAA-20,VIIRS,n,4.99,0.57,0.43,D,IN-20260929-008
NOAA-20|2026-09-29T12:57Z|40.45915|-1.25070,2026-09-29T12:57Z,40.45915,-1.2507,NOAA-20,VIIRS,n,6.28,0.4,0.37,D,IN-20260929-015
NOAA-20|2026-09-29T12:57Z|41.82697|-1.49525,2026-09-29T12:57Z,41.82697,-1.49525,NOAA-20,VIIRS,n,2.44,0.4,0.37,D,IN-20260929-016
NOAA-21|2026-09-29T13:40Z|36.75188|-5.90493,2026-09-29T13:40Z,36.75188,-5.90493,NOAA-21,VIIRS,n,5.65,0.5,0.41,D,IN-20260929-001
NOAA-21|2026-09-29T13:40Z|36.75188|-5.90493,2026-09-29T13:40Z,36.75188,-5.90493,NOAA-21,VIIRS,n,5.65,0.5,0.41,D,IN-20260929-001
NOAA-21|2026-09-29T13:40Z|36.83927|-6.11309,2026-09-29T13:40Z,36.83927,-6.11309,NOAA-21,VIIRS,n,6.51,0.49,0.4,D,IN-20260929-009
NOAA-21|2026-09-29T13:40Z|36.83927|-6.11309,2026-09-29T13:40Z,36.83927,-6.11309,NOAA-21,VIIRS,n,6.51,0.49,0.4,D,IN-20260929-009
NOAA-21|2026-09-29T13:42Z|39.07701|-3.41224,2026-09-29T13:42Z,39.07701,-3.41224,NOAA-21,VIIRS,n,5,0.47,0.47,D,IN-20260929-017
NOAA-21|2026-09-29T13:42Z|39.18273|-0.33206,2026-09-29T13:42Z,39.18273,-0.33206,NOAA-21,VIIRS,n,3.34,0.34,0.56,D,IN-20260929-018
NOAA-21|2026-09-30T02:00Z|41.10950|1.03400,2026-09-30T02:00Z,41.1095,1.034,NOAA-21,VIIRS,n,1.38,0.41,0.37,N,IN-20260930-004
NOAA-21|2026-09-30T02:00Z|41.47422|2.18507,2026-09-30T02:00Z,41.47422,2.18507,NOAA-21,VIIRS,n,0.63,0.43,0.38,N,IN-20260930-005
NOAA-20|2026-09-30T02:56Z|43.14928|-5.69011,2026-09-30T02:56Z,43.14928,-5.69011,NOAA-20,VIIRS,n,0.77,0.41,0.45,N,IN-20260930-006
NOAA-20|2026-09-30T02:58Z|36.50073|-4.79470,2026-09-30T02:58Z,36.50073,-4.7947,NOAA-20,VIIRS,n,0.62,0.32,0.55,N,IN-20260930-002
NOAA-20|2026-09-30T02:58Z|36.50073|-4.79470,2026-09-30T02:58Z,36.50073,-4.7947,NOAA-20,VIIRS,n,0.62,0.32,0.55,N,IN-20260930-002
NOAA-20|2026-09-30T02:58Z|36.50163|-4.79827,2026-09-30T02:58Z,36.50163,-4.79827,NOAA-20,VIIRS,n,0.62,0.32,0.55,N,IN-20260930-002
NOAA-20|2026-09-30T02:58Z|36.50163|-4.79827,2026-09-30T02:58Z,36.50163,-4.79827,NOAA-20,VIIRS,n,0.62,0.32,0.55,N,IN-20260930-002
NOAA-20|2026-09-30T12:40Z|41.87386|-4.36708,2026-09-30T12:40Z,41.87386,-4.36708,NOAA-20,VIIRS,n,10,0.52,0.5,D,IN-20260929-002
NOAA-21|2026-09-30T13:23Z|36.75266|-5.90972,2026-09-30T13:23Z,36.75266,-5.90972,NOAA-21,VIIRS,n,6.72,0.38,0.36,D,IN-20260929-001
NOAA-21|2026-09-30T13:23Z|36.75266|-5.90972,2026-09-30T13:23Z,36.75266,-5.90972,NOAA-21,VIIRS,n,6.72,0.38,0.36,D,IN-20260929-001
NOAA-21|2026-09-30T13:23Z|36.75593|-5.91050,2026-09-30T13:23Z,36.75593,-5.9105,NOAA-21,VIIRS,n,6.21,0.38,0.36,D,IN-20260929-001
NOAA-21|2026-09-30T13:23Z|36.75593|-5.91050,2026-09-30T13:23Z,36.75593,-5.9105,NOAA-21,VIIRS,n,6.21,0.38,0.36,D,IN-20260929-001
NOAA-21|2026-09-30T13:23Z|37.40169|-6.21399,2026-09-30T13:23Z,37.40169,-6.21399,NOAA-21,VIIRS,n,3.87,0.38,0.36,D,IN-20260930-003
NOAA-21|2026-09-30T13:23Z|37.40169|-6.21399,2026-09-30T13:23Z,37.40169,-6.21399,NOAA-21,VIIRS,n,3.87,0.38,0.36,D,IN-20260930-003
NOAA-21|2026-09-30T13:23Z|38.32518|-5.56093,2026-09-30T13:23Z,38.32518,-5.56093,NOAA-21,VIIRS,n,3.85,0.39,0.36,D,IN-20260930-007
NOAA-21|2026-09-30T13:23Z|38.32521|-5.79165,2026-09-30T13:23Z,38.32521,-5.79165,NOAA-21,VIIRS,n,4.41,0.39,0.36,D,IN-20260930-008
NOAA-21|2026-09-30T13:23Z|38.35602|-5.79001,2026-09-30T13:23Z,38.35602,-5.79001,NOAA-21,VIIRS,n,2.52,0.39,0.36,D,IN-20260930-009
S-NPP|2026-09-30T13:59Z|38.31458|-5.61498,2026-09-30T13:59Z,38.31458,-5.61498,S-NPP,VIIRS,n,3.44,0.41,0.45,D,IN-20260930-001
S-NPP|2026-09-30T13:59Z|38.31873|-5.61558,2026-09-30T13:59Z,38.31873,-5.61558,S-NPP,VIIRS,n,3.44,0.41,0.45,D,IN-20260930-001
S-NPP|2026-09-30T13:59Z|38.32589|-5.84095,2026-09-30T13:59Z,38.32589,-5.84095,S-NPP,VIIRS,n,5.61,0.4,0.44,D,IN-20260930-010
NOAA-21|2026-10-01T01:41Z|37.56817|-5.57941,2026-10-01T01:41Z,37.56817,-5.57941,NOAA-21,VIIRS,n,1.49,0.48,0.48,N,IN-20261001-001
NOAA-21|2026-10-01T01:41Z|37.57260|-5.57882,2026-10-01T01:41Z,37.5726,-5.57882,NOAA-21,VIIRS,n,1.49,0.48,0.48,N,IN-20261001-001
NOAA-21|2026-10-01T01:41Z|38.25956|-5.80610,2026-10-01T01:41Z,38.25956,-5.8061,NOAA-21,VIIRS,n,0.59,0.51,0.49,N,IN-20261001-018
NOAA-21|2026-10-01T01:41Z|38.29819|-5.86899,2026-10-01T01:41Z,38.29819,-5.86899,NOAA-21,VIIRS,n,0.64,0.51,0.49,N,IN-20261001-014
NOAA-21|2026-10-01T01:41Z|39.92178|-4.91981,2026-10-01T01:41Z,39.92178,-4.91981,NOAA-21,VIIRS,n,2.73,0.47,0.48,N,IN-20261001-005
S-NPP|2026-10-01T02:17Z|39.92200|-4.91962,2026-10-01T02:17Z,39.922,-4.91962,S-NPP,VIIRS,n,1.6,0.4,0.37,N,IN-20261001-005
S-NPP|2026-10-01T02:17Z|39.92266|-4.92433,2026-10-01T02:17Z,39.92266,-4.92433,S-NPP,VIIRS,n,1.43,0.4,0.37,N,IN-20261001-005
S-NPP|2026-10-01T02:19Z|37.56981|-5.58307,2026-10-01T02:19Z,37.56981,-5.58307,S-NPP,VIIRS,n,1.2,0.4,0.37,N,IN-20261001-001
S-NPP|2026-10-01T02:19Z|37.57255|-5.57774,2026-10-01T02:19Z,37.57255,-5.57774,S-NPP,VIIRS,n,1.46,0.4,0.37,N,IN-20261001-001
S-NPP|2026-10-01T02:19Z|37.57320|-5.58232,2026-10-01T02:19Z,37.5732,-5.58232,S-NPP,VIIRS,n,1.46,0.4,0.37,N,IN-20261001-001
S-NPP|2026-10-01T02:19Z|37.60439|-5.07002,2026-10-01T02:19Z,37.60439,-5.07002,S-NPP,VIIRS,n,0.91,0.4,0.37,N,IN-20261001-009
S-NPP|2026-10-01T02:19Z|38.29926|-5.86911,2026-10-01T02:19Z,38.29926,-5.86911,S-NPP,VIIRS,n,0.35,0.41,0.37,N,IN-20261001-014
S-NPP|2026-10-01T02:19Z|38.34926|-5.95119,2026-10-01T02:19Z,38.34926,-5.95119,S-NPP,VIIRS,n,0.34,0.42,0.37,N,IN-20261001-019
NOAA-20|2026-10-01T02:38Z|37.57121|-5.58179,2026-10-01T02:38Z,37.57121,-5.58179,NOAA-20,VIIRS,n,4.59,0.49,0.4,N,IN-20261001-001
NOAA-20|2026-10-01T02:38Z|37.60306|-5.06866,2026-10-01T02:38Z,37.60306,-5.06866,NOAA-20,VIIRS,n,0.78,0.51,0.41,N,IN-20261001-009
NOAA-20|2026-10-01T02:38Z|37.60315|-5.06984,2026-10-01T02:38Z,37.60315,-5.06984,NOAA-20,VIIRS,n,0.65,0.51,0.41,N,IN-20261001-009
NOAA-20|2026-10-01T02:38Z|39.92088|-4.92108,2026-10-01T02:38Z,39.92088,-4.92108,NOAA-20,VIIRS,n,1.1,0.48,0.4,N,IN-20261001-005
NOAA-21|2026-10-01T03:21Z|37.09666|-5.39668,2026-10-01T03:21Z,37.09666,-5.39668,NOAA-21,VIIRS,n,4.73,0.77,0.77,N,IN-20261001-006
NOAA-21|2026-10-01T03:21Z|37.09666|-5.39668,2026-10-01T03:21Z,37.09666,-5.39668,NOAA-21,VIIRS,n,4.73,0.77,0.77,N,IN-20261001-006
NOAA-21|2026-10-01T03:21Z|37.09724|-5.39313,2026-10-01T03:21Z,37.09724,-5.39313,NOAA-21,VIIRS,n,3.65,0.77,0.77,N,IN-20261001-006
NOAA-21|2026-10-01T03:21Z|37.09724|-5.39313,2026-10-01T03:21Z,37.09724,-5.39313,NOAA-21,VIIRS,n,3.65,0.77,0.77,N,IN-20261001-006
NOAA-21|2026-10-01T03:21Z|37.56776|-5.58445,2026-10-01T03:21Z,37.56776,-5.58445,NOAA-21,VIIRS,n,1.33,0.73,0.76,N,IN-20261001-001
Aqua|2026-10-01T04:57Z|38.18391|-1.05895,2026-10-01T04:57Z,38.18391,-1.05895,Aqua,MODIS,47,52.65,3.37,1.73,N,IN-20261001-007
Terra|2026-10-01T09:09Z|42.61337|-1.61807,2026-10-01T09:09Z,42.61337,-1.61807,Terra,MODIS,83,22,1.01,1,D,IN-20261001-003
Terra|2026-10-01T09:09Z|42.61499|-1.63001,2026-10-01T09:09Z,42.61499,-1.63001,Terra,MODIS,62,6.22,1.01,1,D,IN-20261001-003
Terra|2026-10-01T09:11Z|37.75101|-1.33744,2026-10-01T09:11Z,37.75101,-1.33744,Terra,MODIS,75,9.93,1.02,1.01,D,IN-20261001-010
Terra|2026-10-01T09:11Z|37.75270|-1.34860,2026-10-01T09:11Z,37.7527,-1.3486,Terra,MODIS,75,10.02,1.02,1.01,D,IN-20261001-010
Terra|2026-10-01T09:11Z|38.17159|-1.05465,2026-10-01T09:11Z,38.17159,-1.05465,Terra,MODIS,54,5.23,1.02,1.01,D,IN-20261001-007
Terra|2026-10-01T09:11Z|38.18041|-1.05253,2026-10-01T09:11Z,38.18041,-1.05253,Terra,MODIS,57,5.6,1.02,1.01,D,IN-20261001-007
Terra|2026-10-01T09:11Z|38.22609|-1.41408,2026-10-01T09:11Z,38.22609,-1.41408,Terra,MODIS,56,3.98,1.01,1.01,D,IN-20261001-020
Terra|2026-10-01T09:11Z|38.24487|-1.47897,2026-10-01T09:11Z,38.24487,-1.47897,Terra,MODIS,68,7.32,1.01,1,D,IN-20261001-004
Terra|2026-10-01T09:11Z|38.24653|-1.49013,2026-10-01T09:11Z,38.24653,-1.49013,Terra,MODIS,62,5.06,1.01,1,D,IN-20261001-004
Terra|2026-10-01T09:11Z|38.41458|-1.49602,2026-10-01T09:11Z,38.41458,-1.49602,Terra,MODIS,67,8.58,1.01,1,D,IN-20261001-011
Terra|2026-10-01T09:11Z|38.93242|-2.74158,2026-10-01T09:11Z,38.93242,-2.74158,Terra,MODIS,50,4.78,1.01,1,D,IN-20261001-021
Terra|2026-10-01T09:11Z|39.03663|-3.09916,2026-10-01T09:11Z,39.03663,-3.09916,Terra,MODIS,66,7.39,1.02,1.01,D,IN-20261001-002
NOAA-20|2026-10-01T12:19Z|38.24834|-1.48602,2026-10-01T12:19Z,38.24834,-1.48602,NOAA-20,VIIRS,n,7.71,0.41,0.6,D,IN-20261001-004
NOAA-20|2026-10-01T12:19Z|38.40153|-1.48762,2026-10-01T12:19Z,38.40153,-1.48762,NOAA-20,VIIRS,n,2.4,0.4,0.6,D,IN-20261001-011
NOAA-21|2026-10-01T13:04Z|36.84611|-6.08593,2026-10-01T13:04Z,36.84611,-6.08593,NOAA-21,VIIRS,n,3.8,0.51,0.41,D,IN-20261001-015
NOAA-21|2026-10-01T13:04Z|36.84611|-6.08593,2026-10-01T13:04Z,36.84611,-6.08593,NOAA-21,VIIRS,n,3.8,0.51,0.41,D,IN-20261001-015
NOAA-21|2026-10-01T13:04Z|37.74810|-1.34358,2026-10-01T13:04Z,37.7481,-1.34358,NOAA-21,VIIRS,n,3.72,0.38,0.36,D,IN-20261001-010
NOAA-21|2026-10-01T13:04Z|38.24831|-1.48686,2026-10-01T13:04Z,38.24831,-1.48686,NOAA-21,VIIRS,n,9.01,0.38,0.36,D,IN-20261001-004
NOAA-21|2026-10-01T13:04Z|38.25158|-1.48766,2026-10-01T13:04Z,38.25158,-1.48766,NOAA-21,VIIRS,n,9.01,0.38,0.36,D,IN-20261001-004
NOAA-21|2026-10-01T13:04Z|38.39837|-1.48941,2026-10-01T13:04Z,38.39837,-1.48941,NOAA-21,VIIRS,n,4.73,0.38,0.36,D,IN-20261001-011
NOAA-21|2026-10-01T13:04Z|39.03765|-3.10411,2026-10-01T13:04Z,39.03765,-3.10411,NOAA-21,VIIRS,n,16.35,0.39,0.36,D,IN-20261001-002
NOAA-21|2026-10-01T13:04Z|39.03839|-3.09965,2026-10-01T13:04Z,39.03839,-3.09965,NOAA-21,VIIRS,n,10.6,0.39,0.36,D,IN-20261001-002
NOAA-21|2026-10-01T13:04Z|39.04094|-3.10501,2026-10-01T13:04Z,39.04094,-3.10501,NOAA-21,VIIRS,n,16.35,0.39,0.36,D,IN-20261001-002
NOAA-21|2026-10-01T13:04Z|39.04168|-3.10055,2026-10-01T13:04Z,39.04168,-3.10055,NOAA-21,VIIRS,h,10.6,0.39,0.36,D,IN-20261001-002
NOAA-21|2026-10-01T13:04Z|39.04241|-3.09609,2026-10-01T13:04Z,39.04241,-3.09609,NOAA-21,VIIRS,n,10.6,0.39,0.36,D,IN-20261001-002
NOAA-21|2026-10-01T13:04Z|39.04497|-3.10144,2026-10-01T13:04Z,39.04497,-3.10144,NOAA-21,VIIRS,n,7.32,0.39,0.36,D,IN-20261001-002
NOAA-21|2026-10-01T13:04Z|39.24691|-0.28950,2026-10-01T13:04Z,39.24691,-0.2895,NOAA-21,VIIRS,n,1.83,0.4,0.37,D,IN-20261001-022
NOAA-21|2026-10-01T13:04Z|39.97452|-4.86873,2026-10-01T13:04Z,39.97452,-4.86873,NOAA-21,VIIRS,n,4.04,0.42,0.38,D,IN-20261001-008
NOAA-21|2026-10-01T13:04Z|39.97791|-4.86972,2026-10-01T13:04Z,39.97791,-4.86972,NOAA-21,VIIRS,n,5.34,0.42,0.38,D,IN-20261001-008
NOAA-21|2026-10-01T13:04Z|39.97878|-4.86489,2026-10-01T13:04Z,39.97878,-4.86489,NOAA-21,VIIRS,n,5.34,0.42,0.38,D,IN-20261001-008
NOAA-21|2026-10-01T13:04Z|39.97963|-4.86006,2026-10-01T13:04Z,39.97963,-4.86006,NOAA-21,VIIRS,n,10.4,0.42,0.38,D,IN-20261001-008
NOAA-21|2026-10-01T13:04Z|41.85003|-5.10808,2026-10-01T13:04Z,41.85003,-5.10808,NOAA-21,VIIRS,n,6.74,0.41,0.37,D,IN-20261001-023
NOAA-21|2026-10-01T13:04Z|42.57070|-6.03833,2026-10-01T13:04Z,42.5707,-6.03833,NOAA-21,VIIRS,n,6.45,0.42,0.38,D,IN-20261001-012
NOAA-21|2026-10-01T13:04Z|42.57160|-6.03333,2026-10-01T13:04Z,42.5716,-6.03333,NOAA-21,VIIRS,n,6.45,0.42,0.38,D,IN-20261001-012
NOAA-21|2026-10-01T13:04Z|42.57228|-6.04944,2026-10-01T13:04Z,42.57228,-6.04944,NOAA-21,VIIRS,n,6.75,0.42,0.38,D,IN-20261001-012
S-NPP|2026-10-01T13:40Z|37.13545|-5.65107,2026-10-01T13:40Z,37.13545,-5.65107,S-NPP,VIIRS,n,4.2,0.4,0.37,D,IN-20261001-016
S-NPP|2026-10-01T13:40Z|37.13545|-5.65107,2026-10-01T13:40Z,37.13545,-5.65107,S-NPP,VIIRS,n,4.2,0.4,0.37,D,IN-20261001-016
S-NPP|2026-10-01T13:40Z|38.17502|-1.05215,2026-10-01T13:40Z,38.17502,-1.05215,S-NPP,VIIRS,n,3.55,0.4,0.44,D,IN-20261001-007
S-NPP|2026-10-01T13:40Z|38.25075|-1.48680,2026-10-01T13:40Z,38.25075,-1.4868,S-NPP,VIIRS,h,10.89,0.38,0.44,D,IN-20261001-004
S-NPP|2026-10-01T13:40Z|38.28501|-1.55011,2026-10-01T13:40Z,38.28501,-1.55011,S-NPP,VIIRS,n,4.38,0.57,0.43,D,IN-20261001-024
S-NPP|2026-10-01T13:40Z|40.04631|-4.01753,2026-10-01T13:40Z,40.04631,-4.01753,S-NPP,VIIRS,n,4.71,0.47,0.4,D,IN-20261001-025
S-NPP|2026-10-01T13:40Z|40.73668|-5.60527,2026-10-01T13:40Z,40.73668,-5.60527,S-NPP,VIIRS,n,2.86,0.42,0.38,D,IN-20261001-013
S-NPP|2026-10-01T13:42Z|42.61770|-1.69637,2026-10-01T13:42Z,42.6177,-1.69637,S-NPP,VIIRS,n,6.25,0.42,0.45,D,IN-20261001-017
S-NPP|2026-10-01T13:42Z|42.62006|-1.62258,2026-10-01T13:42Z,42.62006,-1.62258,S-NPP,VIIRS,n,7.02,0.42,0.46,D,IN-20261001-003
S-NPP|2026-10-01T13:42Z|42.62051|-1.61746,2026-10-01T13:42Z,42.62051,-1.61746,S-NPP,VIIRS,n,7.02,0.42,0.46,D,IN-20261001-003
S-NPP|2026-10-01T13:42Z|42.62426|-1.62328,2026-10-01T13:42Z,42.62426,-1.62328,S-NPP,VIIRS,n,7.02,0.42,0.46,D,IN-20261001-003
S-NPP|2026-10-01T13:42Z|42.62517|-1.61306,2026-10-01T13:42Z,42.62517,-1.61306,S-NPP,VIIRS,n,4.33,0.42,0.46,D,IN-20261001-003
NOAA-20|2026-10-01T13:59Z|40.73500|-5.60251,2026-10-01T13:59Z,40.735,-5.60251,NOAA-20,VIIRS,n,6.42,0.55,0.51,D,IN-20261001-013
NOAA-20|2026-10-01T13:59Z|40.73642|-5.60440,2026-10-01T13:59Z,40.73642,-5.6044,NOAA-20,VIIRS,n,8.14,0.55,0.51,D,IN-20261001-013
NOAA-20|2026-10-01T14:01Z|42.60724|-1.68699,2026-10-01T14:01Z,42.60724,-1.68699,NOAA-20,VIIRS,h,19.36,0.46,0.63,D,IN-20261001-017
NOAA-21|2026-10-02T01:22Z|43.55667|-7.66523,2026-10-02T01:22Z,43.55667,-7.66523,NOAA-21,VIIRS,n,3.96,0.63,0.72,N,IN-20261002-001
NOAA-21|2026-10-02T01:22Z|43.55872|-7.66327,2026-10-02T01:22Z,43.55872,-7.66327,NOAA-21,VIIRS,n,6.8,0.63,0.72,N,IN-20261002-001
NOAA-21|2026-10-02T01:22Z|43.56330|-7.66754,2026-10-02T01:22Z,43.5633,-7.66754,NOAA-21,VIIRS,n,3.96,0.63,0.72,N,IN-20261002-001
NOAA-21|2026-10-02T01:24Z|37.11774|-5.86196,2026-10-02T01:24Z,37.11774,-5.86196,NOAA-21,VIIRS,n,0.67,0.46,0.63,N,IN-20261002-003
NOAA-21|2026-10-02T01:24Z|37.11774|-5.86196,2026-10-02T01:24Z,37.11774,-5.86196,NOAA-21,VIIRS,n,0.67,0.46,0.63,N,IN-20261002-003
S-NPP|2026-10-02T01:58Z|43.55810|-7.65937,2026-10-02T01:58Z,43.5581,-7.65937,S-NPP,VIIRS,n,2.54,0.61,0.53,N,IN-20261002-001
S-NPP|2026-10-02T01:58Z|43.56306|-7.65850,2026-10-02T01:58Z,43.56306,-7.6585,S-NPP,VIIRS,n,2.54,0.61,0.53,N,IN-20261002-001
S-NPP|2026-10-02T02:00Z|37.15005|-3.66072,2026-10-02T02:00Z,37.15005,-3.66072,S-NPP,VIIRS,n,0.71,0.5,0.41,N,IN-20261002-002
S-NPP|2026-10-02T02:00Z|37.15005|-3.66072,2026-10-02T02:00Z,37.15005,-3.66072,S-NPP,VIIRS,n,0.71,0.5,0.41,N,IN-20261002-002
S-NPP|2026-10-02T02:00Z|37.56096|-5.13266,2026-10-02T02:00Z,37.56096,-5.13266,S-NPP,VIIRS,n,0.4,0.39,0.44,N,IN-20261002-008
S-NPP|2026-10-02T02:00Z|37.70336|-4.54862,2026-10-02T02:00Z,37.70336,-4.54862,S-NPP,VIIRS,n,0.77,0.55,0.43,N,IN-20261002-004
S-NPP|2026-10-02T02:00Z|38.19302|-5.59218,2026-10-02T02:00Z,38.19302,-5.59218,S-NPP,VIIRS,n,0.7,0.42,0.45,N,IN-20261002-005
S-NPP|2026-10-02T02:00Z|38.43512|-5.71723,2026-10-02T02:00Z,38.43512,-5.71723,S-NPP,VIIRS,n,1.03,0.43,0.46,N,IN-20261002-006
NOAA-20|2026-10-02T02:17Z|43.55994|-7.66050,2026-10-02T02:17Z,43.55994,-7.6605,NOAA-20,VIIRS,n,5.28,0.46,0.39,N,IN-20261002-001
NOAA-20|2026-10-02T02:19Z|37.14948|-3.66041,2026-10-02T02:19Z,37.14948,-3.66041,NOAA-20,VIIRS,n,0.8,0.4,0.37,N,IN-20261002-002
NOAA-20|2026-10-02T02:19Z|37.14948|-3.66041,2026-10-02T02:19Z,37.14948,-3.66041,NOAA-20,VIIRS,n,0.8,0.4,0.37,N,IN-20261002-002
NOAA-20|2026-10-02T02:19Z|37.88076|-4.32892,2026-10-02T02:19Z,37.88076,-4.32892,NOAA-20,VIIRS,n,0.27,0.39,0.36,N,IN-20261002-009
NOAA-20|2026-10-02T02:19Z|38.19304|-5.59202,2026-10-02T02:19Z,38.19304,-5.59202,NOAA-20,VIIRS,n,0.68,0.38,0.36,N,IN-20261002-005
NOAA-20|2026-10-02T02:19Z|38.43449|-5.72117,2026-10-02T02:19Z,38.43449,-5.72117,NOAA-20,VIIRS,n,0.36,0.39,0.36,N,IN-20261002-006
NOAA-21|2026-10-02T03:02Z|43.45910|-8.24083,2026-10-02T03:02Z,43.4591,-8.24083,NOAA-21,VIIRS,n,0.94,0.43,0.46,N,IN-20261002-010
NOAA-21|2026-10-02T03:02Z|43.56104|-7.65908,2026-10-02T03:02Z,43.56104,-7.65908,NOAA-21,VIIRS,n,2.21,0.46,0.47,N,IN-20261002-001
NOAA-21|2026-10-02T03:04Z|37.69799|-4.54737,2026-10-02T03:04Z,37.69799,-4.54737,NOAA-21,VIIRS,n,2.15,0.46,0.64,N,IN-20261002-004
Terra|2026-10-02T09:49Z|38.27653|-6.16268,2026-10-02T09:49Z,38.27653,-6.16268,Terra,MODIS,56,14.64,1.62,1.25,D,IN-20261002-011
Terra|2026-10-02T09:49Z|41.76511|-5.87527,2026-10-02T09:49Z,41.76511,-5.87527,Terra,MODIS,54,6.52,1.41,1.18,D,IN-20261002-012
NOAA-21|2026-10-02T12:44Z|37.73009|-5.01592,2026-10-02T12:44Z,37.73009,-5.01592,NOAA-21,VIIRS,n,6.28,0.49,0.49,D,IN-20261002-013
S-NPP|2026-10-02T13:23Z|38.33346|-5.61732,2026-10-02T13:23Z,38.33346,-5.61732,S-NPP,VIIRS,n,5.34,0.42,0.38,D,IN-20260930-001
S-NPP|2026-10-02T13:23Z|38.33429|-5.61262,2026-10-02T13:23Z,38.33429,-5.61262,S-NPP,VIIRS,n,5.34,0.42,0.38,D,IN-20260930-001
S-NPP|2026-10-02T13:23Z|38.94799|-5.77297,2026-10-02T13:23Z,38.94799,-5.77297,S-NPP,VIIRS,n,24.82,0.42,0.37,D,IN-20261002-014
S-NPP|2026-10-02T13:23Z|39.64166|-6.98111,2026-10-02T13:23Z,39.64166,-6.98111,S-NPP,VIIRS,n,3.87,0.44,0.39,D,IN-20261002-015
S-NPP|2026-10-02T13:23Z|39.81461|-5.66414,2026-10-02T13:23Z,39.81461,-5.66414,S-NPP,VIIRS,n,2.71,0.41,0.37,D,IN-20261002-007
S-NPP|2026-10-02T13:23Z|39.81543|-5.65945,2026-10-02T13:23Z,39.81543,-5.65945,S-NPP,VIIRS,n,2.71,0.41,0.37,D,IN-20261002-007
NOAA-20|2026-10-02T13:40Z|37.54361|-5.09946,2026-10-02T13:40Z,37.54361,-5.09946,NOAA-20,VIIRS,n,5.82,0.47,0.4,D,IN-20261002-016
NOAA-20|2026-10-02T13:40Z|38.33358|-5.61512,2026-10-02T13:40Z,38.33358,-5.61512,NOAA-20,VIIRS,n,7.36,0.46,0.39,D,IN-20260930-001
NOAA-20|2026-10-02T13:40Z|38.33717|-5.61580,2026-10-02T13:40Z,38.33717,-5.6158,NOAA-20,VIIRS,n,7.36,0.46,0.39,D,IN-20260930-001
NOAA-20|2026-10-02T13:42Z|39.66074|-3.89463,2026-10-02T13:42Z,39.66074,-3.89463,NOAA-20,VIIRS,n,10.8,0.56,0.43,D,IN-20261002-017
NOAA-21|2026-10-02T14:27Z|38.34217|-5.62452,2026-10-02T14:27Z,38.34217,-5.62452,NOAA-21,VIIRS,n,11.95,0.71,0.75,D,IN-20260930-001
NOAA-21|2026-10-02T14:27Z|38.34238|-5.62404,2026-10-02T14:27Z,38.34238,-5.62404,NOAA-21,VIIRS,n,13.88,0.71,0.75,D,IN-20260930-001
NOAA-21|2026-10-03T12:25Z|37.51428|-5.40751,2026-10-03T12:25Z,37.51428,-5.40751,NOAA-21,VIIRS,n,5.37,0.47,0.64,D,IN-20261003-004
S-NPP|2026-10-03T13:04Z|43.00116|-6.97358,2026-10-03T13:04Z,43.00116,-6.97358,S-NPP,VIIRS,h,21.21,0.4,0.44,D,IN-20261003-001
NOAA-20|2026-10-03T13:23Z|37.35334|-6.27078,2026-10-03T13:23Z,37.35334,-6.27078,NOAA-20,VIIRS,n,5.37,0.4,0.37,D,IN-20261003-002
NOAA-20|2026-10-03T13:23Z|37.35334|-6.27078,2026-10-03T13:23Z,37.35334,-6.27078,NOAA-20,VIIRS,n,5.37,0.4,0.37,D,IN-20261003-002
NOAA-20|2026-10-03T13:23Z|39.65353|-7.00522,2026-10-03T13:23Z,39.65353,-7.00522,NOAA-20,VIIRS,n,8.67,0.4,0.37,D,IN-20261003-003
NOAA-20|2026-10-03T13:23Z|39.65430|-7.00063,2026-10-03T13:23Z,39.6543,-7.00063,NOAA-20,VIIRS,n,4.54,0.4,0.37,D,IN-20261003-003
NOAA-20|2026-10-03T13:25Z|42.20581|-8.73820,2026-10-03T13:25Z,42.20581,-8.7382,NOAA-20,VIIRS,n,2.33,0.41,0.37,D,IN-20261003-005
NOAA-20|2026-10-03T13:25Z|42.99974|-6.97616,2026-10-03T13:25Z,42.99974,-6.97616,NOAA-20,VIIRS,n,23.77,0.39,0.36,D,IN-20261003-001
NOAA-20|2026-10-03T13:25Z|43.00047|-6.97157,2026-10-03T13:25Z,43.00047,-6.97157,NOAA-20,VIIRS,n,15.3,0.39,0.36,D,IN-20261003-001
NOAA-21|2026-10-03T14:03Z|28.16386|-16.46784,2026-10-03T14:03Z,28.16386,-16.46784,NOAA-21,VIIRS,n,2.09,0.41,0.37,D,IN-20261003-006
S-NPP|2026-10-04T12:44Z|39.36407|3.09319,2026-10-04T12:44Z,39.36407,3.09319,S-NPP,VIIRS,n,4.8,0.43,0.38,D,IN-20261004-002
S-NPP|2026-10-04T12:44Z|39.36850|3.11772,2026-10-04T12:44Z,39.3685,3.11772,S-NPP,VIIRS,n,3.22,0.43,0.38,D,IN-20261004-003
S-NPP|2026-10-04T12:44Z|39.57485|3.36739,2026-10-04T12:44Z,39.57485,3.36739,S-NPP,VIIRS,n,5.55,0.42,0.38,D,IN-20261004-001
S-NPP|2026-10-04T12:44Z|39.57825|3.36638,2026-10-04T12:44Z,39.57825,3.36638,S-NPP,VIIRS,n,3.72,0.42,0.38,D,IN-20261004-001
S-NPP|2026-10-04T12:44Z|39.75392|3.14492,2026-10-04T12:44Z,39.75392,3.14492,S-NPP,VIIRS,n,2.44,0.42,0.38,D,IN-20261004-004
NOAA-20|2026-10-04T13:04Z|38.26013|-1.68683,2026-10-04T13:04Z,38.26013,-1.68683,NOAA-20,VIIRS,n,1.89,0.4,0.37,D,IN-20261004-005
NOAA-20|2026-10-04T13:04Z|39.53978|-3.65619,2026-10-04T13:04Z,39.53978,-3.65619,NOAA-20,VIIRS,n,2.27,0.43,0.38,D,IN-20261004-006
S-NPP|2026-10-05T01:02Z|41.50217|0.88113,2026-10-05T01:02Z,41.50217,0.88113,S-NPP,VIIRS,n,0.83,0.58,0.69,N,IN-20261005-001
S-NPP|2026-10-05T01:02Z|41.50314|0.87864,2026-10-05T01:02Z,41.50314,0.87864,S-NPP,VIIRS,n,1.8,0.58,0.69,N,IN-20261005-001
S-NPP|2026-10-05T01:02Z|41.50869|0.88127,2026-10-05T01:02Z,41.50869,0.88127,S-NPP,VIIRS,n,0.83,0.58,0.69,N,IN-20261005-001
NOAA-20|2026-10-05T01:22Z|41.50600|0.88003,2026-10-05T01:22Z,41.506,0.88003,NOAA-20,VIIRS,n,3.2,0.53,0.5,N,IN-20261005-001
NOAA-21|2026-10-05T02:06Z|41.50511|0.87903,2026-10-05T02:06Z,41.50511,0.87903,NOAA-21,VIIRS,n,3.65,0.44,0.38,N,IN-20261005-001
S-NPP|2026-10-05T02:41Z|41.50425|0.88424,2026-10-05T02:41Z,41.50425,0.88424,S-NPP,VIIRS,n,0.84,0.52,0.5,N,IN-20261005-001
S-NPP|2026-10-05T02:41Z|41.50570|0.87831,2026-10-05T02:41Z,41.5057,0.87831,S-NPP,VIIRS,n,0.84,0.52,0.5,N,IN-20261005-001
NOAA-21|2026-10-05T13:27Z|38.32295|-6.10240,2026-10-05T13:27Z,38.32295,-6.1024,NOAA-21,VIIRS,n,8.85,0.4,0.37,D,IN-20261005-002
NOAA-21|2026-10-05T13:29Z|41.68117|-3.83926,2026-10-05T13:29Z,41.68117,-3.83926,NOAA-21,VIIRS,n,5.14,0.51,0.41,D,IN-20261005-003
Aqua|2026-10-05T15:14Z|38.32889|-6.08633,2026-10-05T15:14Z,38.32889,-6.08633,Aqua,MODIS,67,30.99,1.79,1.31,D,IN-20261005-002
Aqua|2026-10-05T15:14Z|38.33143|-6.08242,2026-10-05T15:14Z,38.33143,-6.08242,Aqua,MODIS,69,28.86,1.79,1.31,D,IN-20261005-002
Aqua|2026-10-05T15:14Z|38.33601|-6.10919,2026-10-05T15:14Z,38.33601,-6.10919,Aqua,MODIS,56,47.45,1.79,1.31,D,IN-20261005-002
Aqua|2026-10-05T15:14Z|38.33865|-6.10540,2026-10-05T15:14Z,38.33865,-6.1054,Aqua,MODIS,82,117.63,1.79,1.31,D,IN-20261005-002
Aqua|2026-10-05T15:14Z|38.33999|-6.09030,2026-10-05T15:14Z,38.33999,-6.0903,Aqua,MODIS,94,242.61,1.79,1.31,D,IN-20261005-002
Aqua|2026-10-05T15:14Z|38.34254|-6.08634,2026-10-05T15:14Z,38.34254,-6.08634,Aqua,MODIS,99,182.09,1.79,1.31,D,IN-20261005-002
S-NPP|2026-10-06T02:26Z|39.02684|-3.56256,2026-10-06T02:26Z,39.02684,-3.56256,S-NPP,VIIRS,n,4.14,0.39,0.36,N,IN-20261006-002
NOAA-21|2026-10-06T13:10Z|39.63838|-6.98035,2026-10-06T13:10Z,39.63838,-6.98035,NOAA-21,VIIRS,n,5.53,0.44,0.38,D,IN-20261006-001
NOAA-21|2026-10-06T13:10Z|39.63929|-6.97539,2026-10-06T13:10Z,39.63929,-6.97539,NOAA-21,VIIRS,n,5.53,0.44,0.38,D,IN-20261006-001
NOAA-21|2026-10-06T13:10Z|39.81620|-5.66091,2026-10-06T13:10Z,39.8162,-5.66091,NOAA-21,VIIRS,n,3.5,0.4,0.37,D,IN-20261006-003
Aqua|2026-10-06T15:52Z|38.58708|-5.22434,2026-10-06T15:52Z,38.58708,-5.22434,Aqua,MODIS,48,14.33,1.27,1.12,D,IN-20261006-004
S-NPP|2026-10-07T02:06Z|37.23658|-1.79163,2026-10-07T02:06Z,37.23658,-1.79163,S-NPP,VIIRS,n,0.28,0.39,0.36,N,IN-20261007-001
S-NPP|2026-10-07T02:06Z|37.23658|-1.79163,2026-10-07T02:06Z,37.23658,-1.79163,S-NPP,VIIRS,n,0.28,0.39,0.36,N,IN-20261007-001
NOAA-20|2026-10-07T02:26Z|40.43236|-3.47353,2026-10-07T02:26Z,40.43236,-3.47353,NOAA-20,VIIRS,n,0.32,0.41,0.37,N,IN-20261007-002
Terra|2026-10-07T09:49Z|37.37804|-5.05025,2026-10-07T09:49Z,37.37804,-5.05025,Terra,MODIS,66,14.07,1.92,1.35,D,IN-20261007-003
Terra|2026-10-07T09:49Z|37.37804|-5.05025,2026-10-07T09:49Z,37.37804,-5.05025,Terra,MODIS,66,14.07,1.92,1.35,D,IN-20261007-003
Terra|2026-10-07T09:49Z|39.62090|-7.45476,2026-10-07T09:49Z,39.6209,-7.45476,Terra,MODIS,46,9.43,1.26,1.12,D,IN-20261007-004
Terra|2026-10-07T09:49Z|39.64728|-6.96796,2026-10-07T09:49Z,39.64728,-6.96796,Terra,MODIS,61,6.68,1.33,1.14,D,IN-20261006-001
